id,link,username,title,members_count
1617777910,http://t.me/enochianoanuncios,enochianoanuncios,ENOQUIANO.COM.BR - ANUNCIOS,22
2190707185,http://t.me/assoumouenock,assoumouenock,Enock photos complet.,1
1436368096,http://t.me/Extra_terrestrials,Extra_terrestrials,Amazon.com Enoch and the Extraterrestrials,5
1425817445,http://t.me/enochiano,enochiano,Enochiano.com.br,1688
1653554124,http://t.me/enocorporation,enocorporation,Loker Kamboja ğŸ‡°ğŸ‡­( Gambling Company/Judi Online ),723
1939910163,http://t.me/enochian_community,enochian_community,Enochian Community,134
1925047346,http://t.me/EnochRealm,EnochRealm,Enoch's Realm Comments,18
2193844907,http://t.me/Enoci_Company,Enoci_Company,Enoci_Company,1
2089511023,http://t.me/comedianofficiall,comedianofficiall,ğ–ğğšğ¥ğ­ğ¡ ğ„ğ§ğ¨ğœğ¨ğ¦ ğŸ¤‘,290
1957294643,http://t.me/stakemany,stakemany,ENOCKAY69.COM,48
1805546671,http://t.me/www_enoc_com,www_enoc_com,@www_enoc_com,3
1212379445,http://t.me/znocigameppsspp,znocigameppsspp,Enock@.com gaming ppsspp canalğŸ®ğŸ®,16
1754704329,http://t.me/kadiihojr7,kadiihojr7,Enockmatsiko22@gmail.com ğŸ‡ºğŸ‡¬,0
2209408993,http://t.me/holahndersfgvyewbg,holahndersfgvyewbg,enoc comenados,1
1583881009,http://t.me/enockl,enockl,Hacker's community ğŸ˜¡ğŸ˜¡ğŸ˜¡,116
1895266732,http://t.me/rvzmn,rvzmn,Enock 257 com,0
